C祚igo Localidad;Barrio;Corregimiento;Municipio;Departamento;Pa押
11910;PUERTO COLOMBIA RURAL;PUERTO COLOMBIA;PUERTO COLOMBIA;ATLANTICO;COLOMBIA
11920;LA PLAYA RURAL;EDUARDO SANTOS (LA PLAYA);BARRANQUILLA;ATLANTICO;COLOMBIA
11930;URB. LA PLAYA;EDUARDO SANTOS (LA PLAYA);BARRANQUILLA;ATLANTICO;COLOMBIA
9860;ME QUEJO;BARRANQUILLA;BARRANQUILLA;ATLANTICO;COLOMBIA
9870;LAS COLINAS;BARRANQUILLA;BARRANQUILLA;ATLANTICO;COLOMBIA
9880;LA FLORIDA;BARRANQUILLA;BARRANQUILLA;ATLANTICO;COLOMBIA
9890;LAS TERRAZAS;BARRANQUILLA;BARRANQUILLA;ATLANTICO;COLOMBIA
9910;POR FIN;BARRANQUILLA;BARRANQUILLA;ATLANTICO;COLOMBIA
9920;NUEVA COLOMBIA;BARRANQUILLA;BARRANQUILLA;ATLANTICO;COLOMBIA
9930;CARLOS MEISEL;BARRANQUILLA;BARRANQUILLA;ATLANTICO;COLOMBIA
9950;LOS OLIVOS I;BARRANQUILLA;BARRANQUILLA;ATLANTICO;COLOMBIA
9960;LA PAZ;BARRANQUILLA;BARRANQUILLA;ATLANTICO;COLOMBIA
9970;LAS ESTRELLAS;BARRANQUILLA;BARRANQUILLA;ATLANTICO;COLOMBIA
9980;RECREO;BARRANQUILLA;BARRANQUILLA;ATLANTICO;COLOMBIA
9990;BOSTON;BARRANQUILLA;BARRANQUILLA;ATLANTICO;COLOMBIA
10000;LUCERO;BARRANQUILLA;BARRANQUILLA;ATLANTICO;COLOMBIA
10010;LOS PINOS;BARRANQUILLA;BARRANQUILLA;ATLANTICO;COLOMBIA
10020;SANTO DOMINGO;BARRANQUILLA;BARRANQUILLA;ATLANTICO;COLOMBIA
10030;EL ROSARIO;BARRANQUILLA;BARRANQUILLA;ATLANTICO;COLOMBIA
10050;BARLOVENTO;BARRANQUILLA;BARRANQUILLA;ATLANTICO;COLOMBIA
10070;MONTECRISTO;BARRANQUILLA;BARRANQUILLA;ATLANTICO;COLOMBIA
10080;EL PRADO;BARRANQUILLA;BARRANQUILLA;ATLANTICO;COLOMBIA
10100;LAS DELICIAS;BARRANQUILLA;BARRANQUILLA;ATLANTICO;COLOMBIA
10110;BETANIA;BARRANQUILLA;BARRANQUILLA;ATLANTICO;COLOMBIA
10130;LAS MERCEDES;BARRANQUILLA;BARRANQUILLA;ATLANTICO;COLOMBIA
10140;CIUDAD JARDIN;BARRANQUILLA;BARRANQUILLA;ATLANTICO;COLOMBIA
10150;CAMPO ALEGRE;BARRANQUILLA;BARRANQUILLA;ATLANTICO;COLOMBIA
10160;EL PORVENIR;BARRANQUILLA;BARRANQUILLA;ATLANTICO;COLOMBIA
10180;VILLA COUNTRY;BARRANQUILLA;BARRANQUILLA;ATLANTICO;COLOMBIA
10190;BELLAVISTA;BARRANQUILLA;BARRANQUILLA;ATLANTICO;COLOMBIA
10200;ALTOS DE RIOMAR;BARRANQUILLA;BARRANQUILLA;ATLANTICO;COLOMBIA
10210;SANTA ANA;BARRANQUILLA;BARRANQUILLA;ATLANTICO;COLOMBIA
10220;SAN FRANCISCO;BARRANQUILLA;BARRANQUILLA;ATLANTICO;COLOMBIA
10230;LA CONCEPCION;BARRANQUILLA;BARRANQUILLA;ATLANTICO;COLOMBIA
10240;PARAISO;BARRANQUILLA;BARRANQUILLA;ATLANTICO;COLOMBIA
10250;EL CASTILLO;BARRANQUILLA;BARRANQUILLA;ATLANTICO;COLOMBIA
10270;MODELO;BARRANQUILLA;BARRANQUILLA;ATLANTICO;COLOMBIA
10290;SAN SALVADOR;BARRANQUILLA;BARRANQUILLA;ATLANTICO;COLOMBIA
10320;RIOMAR;BARRANQUILLA;BARRANQUILLA;ATLANTICO;COLOMBIA
10340;LAS TRES AVE MARIAS;BARRANQUILLA;BARRANQUILLA;ATLANTICO;COLOMBIA
10350;LIMONCITO;BARRANQUILLA;BARRANQUILLA;ATLANTICO;COLOMBIA
10360;ANDALUCIA;BARRANQUILLA;BARRANQUILLA;ATLANTICO;COLOMBIA
10370;SANTA MONICA;BARRANQUILLA;BARRANQUILLA;ATLANTICO;COLOMBIA
10380;ALTOS DEL LIMON;BARRANQUILLA;BARRANQUILLA;ATLANTICO;COLOMBIA
10390;VILLA SANTOS;BARRANQUILLA;BARRANQUILLA;ATLANTICO;COLOMBIA
10400;ALTAMIRA;BARRANQUILLA;BARRANQUILLA;ATLANTICO;COLOMBIA
10420;ALTOS DEL PRADO;BARRANQUILLA;BARRANQUILLA;ATLANTICO;COLOMBIA
10450;VILLA CAMPESTRE;VILLA CAMPESTRE;PUERTO COLOMBIA;ATLANTICO;COLOMBIA
10470;LA CAMPI베;BARRANQUILLA;BARRANQUILLA;ATLANTICO;COLOMBIA
10480;GRANADILLO;BARRANQUILLA;BARRANQUILLA;ATLANTICO;COLOMBIA
10500;LOS NOGALES;BARRANQUILLA;BARRANQUILLA;ATLANTICO;COLOMBIA
10510;LOS ALPES;BARRANQUILLA;BARRANQUILLA;ATLANTICO;COLOMBIA
10520;LA CUMBRE;BARRANQUILLA;BARRANQUILLA;ATLANTICO;COLOMBIA
10530;VIA A JUAN MINA;BARRANQUILLA;BARRANQUILLA;ATLANTICO;COLOMBIA
10550;LA PRADERA;BARRANQUILLA;BARRANQUILLA;ATLANTICO;COLOMBIA
10560;LOS OLIVOS;BARRANQUILLA;BARRANQUILLA;ATLANTICO;COLOMBIA
10570;EL PUEBLO;BARRANQUILLA;BARRANQUILLA;ATLANTICO;COLOMBIA
9850;SILENCIO;BARRANQUILLA;BARRANQUILLA;ATLANTICO;COLOMBIA
9020;VILLA SAN PEDRO;BARRANQUILLA;BARRANQUILLA;ATLANTICO;COLOMBIA
9030;VEINTE DE JULIO;BARRANQUILLA;BARRANQUILLA;ATLANTICO;COLOMBIA
9040;VILLA SAN CARLOS;BARRANQUILLA;BARRANQUILLA;ATLANTICO;COLOMBIA
9050;LAS GRANJAS;BARRANQUILLA;BARRANQUILLA;ATLANTICO;COLOMBIA
9070;SAN LUIS;BARRANQUILLA;BARRANQUILLA;ATLANTICO;COLOMBIA
9080;SIETE DE ABRIL;BARRANQUILLA;BARRANQUILLA;ATLANTICO;COLOMBIA
9090;SANTO DOMINGO DE GUZMAN;BARRANQUILLA;BARRANQUILLA;ATLANTICO;COLOMBIA
9100;CIUDADELA 20 DE JULIO;BARRANQUILLA;BARRANQUILLA;ATLANTICO;COLOMBIA
9110;CARRIZAL;BARRANQUILLA;BARRANQUILLA;ATLANTICO;COLOMBIA
9120;LAS AMERICAS;BARRANQUILLA;BARRANQUILLA;ATLANTICO;COLOMBIA
9130;LA SIERRITA;BARRANQUILLA;BARRANQUILLA;ATLANTICO;COLOMBIA
9140;VILLA BLANCA;BARRANQUILLA;BARRANQUILLA;ATLANTICO;COLOMBIA
9150;BUENOS AIRES;BARRANQUILLA;BARRANQUILLA;ATLANTICO;COLOMBIA
9160;EL SANTUARIO;BARRANQUILLA;BARRANQUILLA;ATLANTICO;COLOMBIA
9190;LOS CONTINENTES;BARRANQUILLA;BARRANQUILLA;ATLANTICO;COLOMBIA
9200;ALBORAYA;BARRANQUILLA;BARRANQUILLA;ATLANTICO;COLOMBIA
9210;LA VICTORIA;BARRANQUILLA;BARRANQUILLA;ATLANTICO;COLOMBIA
9220;SAN JOSE;BARRANQUILLA;BARRANQUILLA;ATLANTICO;COLOMBIA
9230;CEVILLAR;BARRANQUILLA;BARRANQUILLA;ATLANTICO;COLOMBIA
9250;LA MAGDALENA;BARRANQUILLA;BARRANQUILLA;ATLANTICO;COLOMBIA
9260;JOSE A GALAN;BARRANQUILLA;BARRANQUILLA;ATLANTICO;COLOMBIA
9270;BELLA ARENA;BARRANQUILLA;BARRANQUILLA;ATLANTICO;COLOMBIA
9280;LOS LAURELES;BARRANQUILLA;BARRANQUILLA;ATLANTICO;COLOMBIA
9290;EL MILAGRO;BARRANQUILLA;BARRANQUILLA;ATLANTICO;COLOMBIA
9310;LAS PALMAS;BARRANQUILLA;BARRANQUILLA;ATLANTICO;COLOMBIA
9320;EL LIMON;BARRANQUILLA;BARRANQUILLA;ATLANTICO;COLOMBIA
9330;TAYRONA;BARRANQUILLA;BARRANQUILLA;ATLANTICO;COLOMBIA
9360;SIMON BOLIVAR;BARRANQUILLA;BARRANQUILLA;ATLANTICO;COLOMBIA
9380;LAS NIEVES;BARRANQUILLA;BARRANQUILLA;ATLANTICO;COLOMBIA
9390;LOS TRUPILLOS;BARRANQUILLA;BARRANQUILLA;ATLANTICO;COLOMBIA
9400;PASADENA;BARRANQUILLA;BARRANQUILLA;ATLANTICO;COLOMBIA
9410;LA CHINITA;BARRANQUILLA;BARRANQUILLA;ATLANTICO;COLOMBIA
9420;LA LUZ;BARRANQUILLA;BARRANQUILLA;ATLANTICO;COLOMBIA
9435;DON BOSCO;BARRANQUILLA;BARRANQUILLA;ATLANTICO;COLOMBIA
9440;MONTES;BARRANQUILLA;BARRANQUILLA;ATLANTICO;COLOMBIA
9450;BOYACA;BARRANQUILLA;BARRANQUILLA;ATLANTICO;COLOMBIA
9460;SAN ROQUE;BARRANQUILLA;BARRANQUILLA;ATLANTICO;COLOMBIA
9490;PRIMERO DE MAYO;BARRANQUILLA;BARRANQUILLA;ATLANTICO;COLOMBIA
9500;ZONA FRANCA;BARRANQUILLA;BARRANQUILLA;ATLANTICO;COLOMBIA
9510;VILLANUEVA;BARRANQUILLA;BARRANQUILLA;ATLANTICO;COLOMBIA
9520;CENTRO;BARRANQUILLA;BARRANQUILLA;ATLANTICO;COLOMBIA
9530;CHIQUINQUIRA;BARRANQUILLA;BARRANQUILLA;ATLANTICO;COLOMBIA
9560;LOMA FRESCA;BARRANQUILLA;BARRANQUILLA;ATLANTICO;COLOMBIA
9570;SAN ISIDRO;BARRANQUILLA;BARRANQUILLA;ATLANTICO;COLOMBIA
9600;EL BOSQUE;BARRANQUILLA;BARRANQUILLA;ATLANTICO;COLOMBIA
9620;VILLA FLOR;BARRANQUILLA;BARRANQUILLA;ATLANTICO;COLOMBIA
9630;CALIFORNIA;BARRANQUILLA;BARRANQUILLA;ATLANTICO;COLOMBIA
9640;LAS MALVINAS;BARRANQUILLA;BARRANQUILLA;ATLANTICO;COLOMBIA
9650;LA GLORIA;BARRANQUILLA;BARRANQUILLA;ATLANTICO;COLOMBIA
9660;CORDIALIDAD;BARRANQUILLA;BARRANQUILLA;ATLANTICO;COLOMBIA
9690;SIETE DE AGOSTO;BARRANQUILLA;BARRANQUILLA;ATLANTICO;COLOMBIA
9710;EVARISTO SOURDIS;BARRANQUILLA;BARRANQUILLA;ATLANTICO;COLOMBIA
9720;CUCHILLA DE VILLATE;BARRANQUILLA;BARRANQUILLA;ATLANTICO;COLOMBIA
9730;LIPAYA;BARRANQUILLA;BARRANQUILLA;ATLANTICO;COLOMBIA
9740;LA ESMERALDA;BARRANQUILLA;BARRANQUILLA;ATLANTICO;COLOMBIA
9750;LA MANGA;BARRANQUILLA;BARRANQUILLA;ATLANTICO;COLOMBIA
9760;BUENA ESPERANZA;BARRANQUILLA;BARRANQUILLA;ATLANTICO;COLOMBIA
9770;PUMAREJO;BARRANQUILLA;BARRANQUILLA;ATLANTICO;COLOMBIA
9780;LOS ANDES;BARRANQUILLA;BARRANQUILLA;ATLANTICO;COLOMBIA
9790;VILLATE;BARRANQUILLA;BARRANQUILLA;ATLANTICO;COLOMBIA
9810;SAN FELIPE;BARRANQUILLA;BARRANQUILLA;ATLANTICO;COLOMBIA
9830;OLAYA;BARRANQUILLA;BARRANQUILLA;ATLANTICO;COLOMBIA
9840;MERCEDES SUR;BARRANQUILLA;BARRANQUILLA;ATLANTICO;COLOMBIA
12900;EL PARQUE;SOLEDAD;SOLEDAD;ATLANTICO;COLOMBIA
12910;EL PARQUE 2 ETAPA;SOLEDAD;SOLEDAD;ATLANTICO;COLOMBIA
12930;LAS GAVIOTAS;SOLEDAD;SOLEDAD;ATLANTICO;COLOMBIA
12940;LOS ALMENDROS 1 ETAPA;SOLEDAD;SOLEDAD;ATLANTICO;COLOMBIA
12950;LOS ROBLES 3 ETAPA;SOLEDAD;SOLEDAD;ATLANTICO;COLOMBIA
12960;LOS ROBLES 1 ETAPA;SOLEDAD;SOLEDAD;ATLANTICO;COLOMBIA
12970;LOS ANGELES;SOLEDAD;SOLEDAD;ATLANTICO;COLOMBIA
12980;VILLA ESTADIO;SOLEDAD;SOLEDAD;ATLANTICO;COLOMBIA
12990;LOS CEDROS;SOLEDAD;SOLEDAD;ATLANTICO;COLOMBIA
13020;TERRANOVA;SOLEDAD;SOLEDAD;ATLANTICO;COLOMBIA
13030;MORAS NORTE;SOLEDAD;SOLEDAD;ATLANTICO;COLOMBIA
13040;VILLA ANGELITA;SOLEDAD;SOLEDAD;ATLANTICO;COLOMBIA
13050;NUEVO HORIZONTE;SOLEDAD;SOLEDAD;ATLANTICO;COLOMBIA
13070;LA CENTRAL;SOLEDAD;SOLEDAD;ATLANTICO;COLOMBIA
13100;LA CANDELARIA;SOLEDAD;SOLEDAD;ATLANTICO;COLOMBIA
13110;VILLA MARIA;SOLEDAD;SOLEDAD;ATLANTICO;COLOMBIA
13120;VILLA SOL;SOLEDAD;SOLEDAD;ATLANTICO;COLOMBIA
13130;SAN VICENTE;SOLEDAD;SOLEDAD;ATLANTICO;COLOMBIA
13140;SAN VICENTE 2 ETAPA;SOLEDAD;SOLEDAD;ATLANTICO;COLOMBIA
13150;VILLA DEL REY;SOLEDAD;SOLEDAD;ATLANTICO;COLOMBIA
13160;VI베 DEL REY;SOLEDAD;SOLEDAD;ATLANTICO;COLOMBIA
13210;CIUDAD BOLIVAR;SOLEDAD;SOLEDAD;ATLANTICO;COLOMBIA
13220;ZARABANDA;SOLEDAD;SOLEDAD;ATLANTICO;COLOMBIA
13240;VILLA KARLA;SOLEDAD;SOLEDAD;ATLANTICO;COLOMBIA
13270;TERRANOVA 2 ETAPA;SOLEDAD;SOLEDAD;ATLANTICO;COLOMBIA
13280;VILLA DEL CARMEN 2 ETAPA;SOLEDAD;SOLEDAD;ATLANTICO;COLOMBIA
13290;LOS CUSULES;SOLEDAD;SOLEDAD;ATLANTICO;COLOMBIA
13300;CIUDADELA METROPOLITANA;SOLEDAD;SOLEDAD;ATLANTICO;COLOMBIA
13310;SOLEDAD 2000;SOLEDAD;SOLEDAD;ATLANTICO;COLOMBIA
13320;LA FE DOS;SOLEDAD;SOLEDAD;ATLANTICO;COLOMBIA
13330;EL OASIS;SOLEDAD;SOLEDAD;ATLANTICO;COLOMBIA
13340;LA ILUSION;SOLEDAD;SOLEDAD;ATLANTICO;COLOMBIA
13350;LAS NUBES 2 ETAPA;SOLEDAD;SOLEDAD;ATLANTICO;COLOMBIA
13360;VILLA MONACO 2 ETAPA;SOLEDAD;SOLEDAD;ATLANTICO;COLOMBIA
13370;LAS  COLONIAS;SOLEDAD;SOLEDAD;ATLANTICO;COLOMBIA
13380;VILLA ESTEFANIA 2 ETAPA;SOLEDAD;SOLEDAD;ATLANTICO;COLOMBIA
13390;LA ALIANZA;SOLEDAD;SOLEDAD;ATLANTICO;COLOMBIA
13410;TERMINAL DE TRANSPORTE;SOLEDAD;SOLEDAD;ATLANTICO;COLOMBIA
13420;VILLA MERLY;SOLEDAD;SOLEDAD;ATLANTICO;COLOMBIA
13430;VILLA SOLEDAD;SOLEDAD;SOLEDAD;ATLANTICO;COLOMBIA
13440;VILLA LOZANO;SOLEDAD;SOLEDAD;ATLANTICO;COLOMBIA
13460;VILLA ZAMBRANO;SOLEDAD;SOLEDAD;ATLANTICO;COLOMBIA
13480;VILLA LAS MORAS;SOLEDAD;SOLEDAD;ATLANTICO;COLOMBIA
13500;URB. PARQUE MUVDI 2 ETAPA;SOLEDAD;SOLEDAD;ATLANTICO;COLOMBIA
13510;VILLA KATANGA;SOLEDAD;SOLEDAD;ATLANTICO;COLOMBIA
13520;LAS MORAS;SOLEDAD;SOLEDAD;ATLANTICO;COLOMBIA
13540;LA ARBOLEDA 2 ETAPA;SOLEDAD;SOLEDAD;ATLANTICO;COLOMBIA
13600;LA ESPERANZA;SOLEDAD;SOLEDAD;ATLANTICO;COLOMBIA
13610;SAL SI PUEDE;SOLEDAD;SOLEDAD;ATLANTICO;COLOMBIA
13620;QUINCE DE AGOSTO;SOLEDAD;SOLEDAD;ATLANTICO;COLOMBIA
13630;EL PASITO;SOLEDAD;SOLEDAD;ATLANTICO;COLOMBIA
13640;JUAN DOMINGUEZ ROMERO;SOLEDAD;SOLEDAD;ATLANTICO;COLOMBIA
13660;SAN ANTONIO;SOLEDAD;SOLEDAD;ATLANTICO;COLOMBIA
13670;PUMAREJO;SOLEDAD;SOLEDAD;ATLANTICO;COLOMBIA
13700;CENTRO;SOLEDAD;SOLEDAD;ATLANTICO;COLOMBIA
13710;DOCE DE OCTUBRE;SOLEDAD;SOLEDAD;ATLANTICO;COLOMBIA
13730;CACHIMBERO;SOLEDAD;SOLEDAD;ATLANTICO;COLOMBIA
13740;EL TRIUNFO;SOLEDAD;SOLEDAD;ATLANTICO;COLOMBIA
13750;SALCEDO;SOLEDAD;SOLEDAD;ATLANTICO;COLOMBIA
13770;LAS MARGARITAS;SOLEDAD;SOLEDAD;ATLANTICO;COLOMBIA
13790;SALAMANCA;SOLEDAD;SOLEDAD;ATLANTICO;COLOMBIA
13810;HIPODROMO;SOLEDAD;SOLEDAD;ATLANTICO;COLOMBIA
13830;URB. EL RIO;SOLEDAD;SOLEDAD;ATLANTICO;COLOMBIA
13840;TUCAN;SOLEDAD;SOLEDAD;ATLANTICO;COLOMBIA
13850;LOS ARAYANES;SOLEDAD;SOLEDAD;ATLANTICO;COLOMBIA
13860;CENTENARIO;SOLEDAD;SOLEDAD;ATLANTICO;COLOMBIA
13870;ORIENTAL;SOLEDAD;SOLEDAD;ATLANTICO;COLOMBIA
13900;VEINTE DE JULIO;SOLEDAD;SOLEDAD;ATLANTICO;COLOMBIA
13910;NACIONAL;SOLEDAD;SOLEDAD;ATLANTICO;COLOMBIA
13940;VISTA HERMOSA;SOLEDAD;SOLEDAD;ATLANTICO;COLOMBIA
13950;EL FERRY;SOLEDAD;SOLEDAD;ATLANTICO;COLOMBIA
13960;PRIMERO DE MAYO;SOLEDAD;SOLEDAD;ATLANTICO;COLOMBIA
13970;LA FERIA;SOLEDAD;SOLEDAD;ATLANTICO;COLOMBIA
14310;VILLA SEVERA;SOLEDAD;SOLEDAD;ATLANTICO;COLOMBIA
14320;ANTONIO NARI벮;SOLEDAD;SOLEDAD;ATLANTICO;COLOMBIA
14330;LOS BALCANES;SOLEDAD;SOLEDAD;ATLANTICO;COLOMBIA
14340;LA RIVERA;SOLEDAD;SOLEDAD;ATLANTICO;COLOMBIA
9000;BARRANQUILLA;BARRANQUILLA;BARRANQUILLA;ATLANTICO;COLOMBIA
14444;LA PLAYA;EDO SANTOS (LA PLAYA);BARRANQUILLA;ATLANTICO;COLOMBIA
14447;PRADOMAR;PUERTO COLOMBIA;PUERTO COLOMBIA;ATLANTICO;COLOMBIA
14449;URB. PUERTA DE ORO;SOLEDAD;SOLEDAD;ATLANTICO;COLOMBIA
14455;LOS GIRASOLES;BARRANQUILLA;BARRANQUILLA;ATLANTICO;COLOMBIA
14456;VILLA SEVILLA;BARRANQUILLA;BARRANQUILLA;ATLANTICO;COLOMBIA
14457;LOMA DE ORO;PUERTO COLOMBIA;PUERTO COLOMBIA;ATLANTICO;COLOMBIA
19870;PALERMO RURAL;PALERMO;SITIONUEVO;MAGDALENA;COLOMBIA
29314;SAN NICOLAS;BARRANQUILLA;BARRANQUILLA;ATLANTICO;COLOMBIA
29323;VILLA CAROLINA;BARRANQUILLA;BARRANQUILLA;ATLANTICO;COLOMBIA
29339;LAS DUNAS;BARRANQUILLA;BARRANQUILLA;ATLANTICO;COLOMBIA
29342;ALTOS DEL PARQUE;BARRANQUILLA;BARRANQUILLA;ATLANTICO;COLOMBIA
29343;URB  EL MODERNO;BARRANQUILLA;BARRANQUILLA;ATLANTICO;COLOMBIA
29440;LA CANDELARIA DOS (NO USAR);SOLEDAD;SOLEDAD;ATLANTICO;COLOMBIA
29445;CIUDAD BONITA;SOLEDAD;SOLEDAD;ATLANTICO;COLOMBIA
29458;URB KALAMARY;BARRANQUILLA;BARRANQUILLA;ATLANTICO;COLOMBIA
30460;VILLA ROSA;SOLEDAD;SOLEDAD;ATLANTICO;COLOMBIA
30461;EL PARQUE VII ETAPA;BARRANQUILLA;BARRANQUILLA;ATLANTICO;COLOMBIA
30470;VILLA SAN PEDRO II;BARRANQUILLA;BARRANQUILLA;ATLANTICO;COLOMBIA
30480;BERNARDO HOYOS;BARRANQUILLA;BARRANQUILLA;ATLANTICO;COLOMBIA
30490;CIUDAD CARIBE 3 ETAPA;SOLEDAD;SOLEDAD;ATLANTICO;COLOMBIA
30530;LA CANDELARIA 2 ETAPA;SOLEDAD;SOLEDAD;ATLANTICO;COLOMBIA
30540;URB. LOS LOTEROS;SOLEDAD;SOLEDAD;ATLANTICO;COLOMBIA
30550;URB. LA VIOLA;SOLEDAD;SOLEDAD;ATLANTICO;COLOMBIA
30560;CIUDAD CARIBE 2 ETAPA;SOLEDAD;SOLEDAD;ATLANTICO;COLOMBIA
30570;VILLA STEFANNY;SOLEDAD;SOLEDAD;ATLANTICO;COLOMBIA
30622;VILLAS DE SOLEDAD;SOLEDAD;SOLEDAD;ATLANTICO;COLOMBIA
30623;LOS ROBLES 4 ETAPA;SOLEDAD;SOLEDAD;ATLANTICO;COLOMBIA
30626;URB. EL MANANTIAL 1 ETAPA;SOLEDAD;SOLEDAD;ATLANTICO;COLOMBIA
30627;URB. EL MANANTIAL 2 ETAPA;SOLEDAD;SOLEDAD;ATLANTICO;COLOMBIA
30628;SI NOS DEJAN;SOLEDAD;SOLEDAD;ATLANTICO;COLOMBIA
30655;EL CORTIJO;SOLEDAD;SOLEDAD;ATLANTICO;COLOMBIA
30671;URB. B/QUILLA SIGLO XXI;BARRANQUILLA;BARRANQUILLA;ATLANTICO;COLOMBIA
30676;GRANABASTOS;SOLEDAD;SOLEDAD;ATLANTICO;COLOMBIA
9240;EL CAMPITO;BARRANQUILLA;BARRANQUILLA;ATLANTICO;COLOMBIA
9300;VILLA DEL CARMEN;BARRANQUILLA;BARRANQUILLA;ATLANTICO;COLOMBIA
9480;PASADENA II;BARRANQUILLA;BARRANQUILLA;ATLANTICO;COLOMBIA
9550;ALFONSO LOPEZ;BARRANQUILLA;BARRANQUILLA;ATLANTICO;COLOMBIA
9610;EL ROMANCE;BARRANQUILLA;BARRANQUILLA;ATLANTICO;COLOMBIA
9680;LOS ROSALES;BARRANQUILLA;BARRANQUILLA;ATLANTICO;COLOMBIA
13890;FERROCARRIL;SOLEDAD;SOLEDAD;ATLANTICO;COLOMBIA
29456;URB. LAGOS DE CAUJARAL;CGTO SABANILLA (MONTE CARMELO);PUERTO COLOMBIA;ATLANTICO;COLOMBIA
30510;JARDINES DE VILLA ESTADIO;SOLEDAD;SOLEDAD;ATLANTICO;COLOMBIA
30450;S. PEDRO ALEJANDRINO III;BARRANQUILLA;BARRANQUILLA;ATLANTICO;COLOMBIA
9060;SANTA MARIA;BARRANQUILLA;BARRANQUILLA;ATLANTICO;COLOMBIA
13250;LAS COMETAS;SOLEDAD;SOLEDAD;ATLANTICO;COLOMBIA
10060;LA LOMA;BARRANQUILLA;BARRANQUILLA;ATLANTICO;COLOMBIA
9340;LA UNION;BARRANQUILLA;BARRANQUILLA;ATLANTICO;COLOMBIA
10310;EL GOLF;BARRANQUILLA;BARRANQUILLA;ATLANTICO;COLOMBIA
9590;LA CEIBA;BARRANQUILLA;BARRANQUILLA;ATLANTICO;COLOMBIA
13470;BELLA  MURILLO;SOLEDAD;SOLEDAD;ATLANTICO;COLOMBIA
29321;URB. COUNTRY VILLA;PUERTO COLOMBIA;PUERTO COLOMBIA;ATLANTICO;COLOMBIA
12920;VILLA DEL CARMEN;SOLEDAD;SOLEDAD;ATLANTICO;COLOMBIA
10330;VILLA DEL ESTE;BARRANQUILLA;BARRANQUILLA;ATLANTICO;COLOMBIA
9180;LA SIERRA;BARRANQUILLA;BARRANQUILLA;ATLANTICO;COLOMBIA
13720;CRUZ DE MAYO;SOLEDAD;SOLEDAD;ATLANTICO;COLOMBIA
13820;SANTA INES;SOLEDAD;SOLEDAD;ATLANTICO;COLOMBIA
11950;PUERTO SALGAR;CGTO SALGAR;PUERTO COLOMBIA;ATLANTICO;COLOMBIA
10300;LA FLORESTA;BARRANQUILLA;BARRANQUILLA;ATLANTICO;COLOMBIA
9170;KENNEDY;BARRANQUILLA;BARRANQUILLA;ATLANTICO;COLOMBIA
13530;LAS TRINITARIAS;SOLEDAD;SOLEDAD;ATLANTICO;COLOMBIA
9370;SANTA HELENA;BARRANQUILLA;BARRANQUILLA;ATLANTICO;COLOMBIA
10410;SAN VICENTE;BARRANQUILLA;BARRANQUILLA;ATLANTICO;COLOMBIA
14300;VILLA CECILIA;SOLEDAD;SOLEDAD;ATLANTICO;COLOMBIA
13880;CABRERO;SOLEDAD;SOLEDAD;ATLANTICO;COLOMBIA
30684;VILLA SELENE;SOLEDAD;SOLEDAD;ATLANTICO;COLOMBIA
30691;OLAYA-PLAYITA-PALO ALTO;EDO SANTOS (LA PLAYA);BARRANQUILLA;ATLANTICO;COLOMBIA
30693;LOMA ROJA I;BARRANQUILLA;BARRANQUILLA;ATLANTICO;COLOMBIA
30716;EL EDEN;BARRANQUILLA;BARRANQUILLA;ATLANTICO;COLOMBIA
30725;URB.MARATEA-SECT VILLA NORTE;EDO SANTOS (LA PLAYA);BARRANQUILLA;ATLANTICO;COLOMBIA
30728;EL MANANTIAL (NO USAR);SOLEDAD;SOLEDAD;ATLANTICO;COLOMBIA
30735;MIRAMAR;PUERTO COLOMBIA;PUERTO COLOMBIA;ATLANTICO;COLOMBIA
30736;SAN CARLOS;PUERTO COLOMBIA;PUERTO COLOMBIA;ATLANTICO;COLOMBIA
30737;LAS MARGARITAS;PUERTO COLOMBIA;PUERTO COLOMBIA;ATLANTICO;COLOMBIA
30738;LOMA FRESCA;PUERTO COLOMBIA;PUERTO COLOMBIA;ATLANTICO;COLOMBIA
30745;BELLO HORIZONTE;BARRANQUILLA;BARRANQUILLA;ATLANTICO;COLOMBIA
30747;PASTRANA;PUERTO COLOMBIA;PUERTO COLOMBIA;ATLANTICO;COLOMBIA
30748;VILLA ROSARIO;PUERTO COLOMBIA;PUERTO COLOMBIA;ATLANTICO;COLOMBIA
30749;NUEVO HORIZONTE;PUERTO COLOMBIA;PUERTO COLOMBIA;ATLANTICO;COLOMBIA
30750;COLINAS DEL SOL;PUERTO COLOMBIA;PUERTO COLOMBIA;ATLANTICO;COLOMBIA
30751;ALTO CUPINO;PUERTO COLOMBIA;PUERTO COLOMBIA;ATLANTICO;COLOMBIA
30797;LAS AMERICAS;PUERTO COLOMBIA;PUERTO COLOMBIA;ATLANTICO;COLOMBIA
30805;LOS ANGELES UNO;BARRANQUILLA;BARRANQUILLA;ATLANTICO;COLOMBIA
30806;EL PORTAL DE LAS MORAS;SOLEDAD;SOLEDAD;ATLANTICO;COLOMBIA
30830;ALTOS DE PRADOMAR;PUERTO COLOMBIA;PUERTO COLOMBIA;ATLANTICO;COLOMBIA
30835;LA AURORA;PUERTO COLOMBIA;PUERTO COLOMBIA;ATLANTICO;COLOMBIA
30837;VILLA DEL CARMEN 1 ETAPA;SOLEDAD;SOLEDAD;ATLANTICO;COLOMBIA
30838;VILLA MUVDI;SOLEDAD;SOLEDAD;ATLANTICO;COLOMBIA
30839;BAJO VALLE;BARRANQUILLA;BARRANQUILLA;ATLANTICO;COLOMBIA
30890;LOS FUNDADORES;SOLEDAD;SOLEDAD;ATLANTICO;COLOMBIA
30891;VILLA PARAISO;SOLEDAD;SOLEDAD;ATLANTICO;COLOMBIA
30931;LA ROSITA;PUERTO COLOMBIA;PUERTO COLOMBIA;ATLANTICO;COLOMBIA
31048;MORAS OCCIDENTE;SOLEDAD;SOLEDAD;ATLANTICO;COLOMBIA
14910;NUEVO MILENIO;SOLEDAD;SOLEDAD;ATLANTICO;COLOMBIA
8101;LAGOS DE CAUJARAL;LAGOS DE CAUJARAL;PUERTO COLOMBIA;ATLANTICO;COLOMBIA
2008;VILLA NORTE II;EDO SANTOS (LA PLAYA);BARRANQUILLA;ATLANTICO;COLOMBIA
2017;NUEVO TRIUNFO;SOLEDAD;SOLEDAD;ATLANTICO;COLOMBIA
2020;MANGA DEL ARROYO;CGTO JUAN MINA;BARRANQUILLA;ATLANTICO;COLOMBIA
2064;URB. NORMANDIA;SOLEDAD;SOLEDAD;ATLANTICO;COLOMBIA
107062;LAS COLONIAS 2 ETAPA;SOLEDAD;SOLEDAD;ATLANTICO;COLOMBIA
107065;VEINTITRES DE NOVIEMBRE;SOLEDAD;SOLEDAD;ATLANTICO;COLOMBIA
107121;URB. PARQUE RES MAR AZUL;PUERTO COLOMBIA;PUERTO COLOMBIA;ATLANTICO;COLOMBIA
107125;BELLO HORIZONTE;SOLEDAD;SOLEDAD;ATLANTICO;COLOMBIA
107127;VILLA ROSALES;PUERTO COLOMBIA;PUERTO COLOMBIA;ATLANTICO;COLOMBIA
107196;VILLA MONI;SOLEDAD;SOLEDAD;ATLANTICO;COLOMBIA
107197;VILLA SOLE;SOLEDAD;SOLEDAD;ATLANTICO;COLOMBIA
107227;EL VIEJO;PALERMO;SITIONUEVO;MAGDALENA;COLOMBIA
107228;EL PLATANAL;PALERMO;SITIONUEVO;MAGDALENA;COLOMBIA
107229;DIVINA LUZ;PALERMO;SITIONUEVO;MAGDALENA;COLOMBIA
107230;LAS PALMERAS;PALERMO;SITIONUEVO;MAGDALENA;COLOMBIA
107232;PARCELA VILLA MARGARITA;PALERMO;SITIONUEVO;MAGDALENA;COLOMBIA
107233;EL PROGRESO;PALERMO;SITIONUEVO;MAGDALENA;COLOMBIA
107234;PUNTO ROJO;PALERMO;SITIONUEVO;MAGDALENA;COLOMBIA
107235;VILLA PALERMO;PALERMO;SITIONUEVO;MAGDALENA;COLOMBIA
107508;CUCHILLA DE LOS ANGELES;SOLEDAD;SOLEDAD;ATLANTICO;COLOMBIA
107611;NUEVA JERUZALEN;SOLEDAD;SOLEDAD;ATLANTICO;COLOMBIA
107639;URB. VALLE DE BERACA;SOLEDAD;SOLEDAD;ATLANTICO;COLOMBIA
107708;URB. VILLA LOURDES;SOLEDAD;SOLEDAD;ATLANTICO;COLOMBIA
107744;LA CONCEPCION;SOLEDAD;SOLEDAD;ATLANTICO;COLOMBIA
107751;URB. CAMELOT;SOLEDAD;SOLEDAD;ATLANTICO;COLOMBIA
107764;CAVICA;SOLEDAD;SOLEDAD;ATLANTICO;COLOMBIA
10490;NUEVO HORIZONTE;BARRANQUILLA;BARRANQUILLA;ATLANTICO;COLOMBIA
13930;COSTA HERMOSA;SOLEDAD;SOLEDAD;ATLANTICO;COLOMBIA
14350;BONANZA;SOLEDAD;SOLEDAD;ATLANTICO;COLOMBIA
30880;EL ANCLA;PUERTO COLOMBIA;PUERTO COLOMBIA;ATLANTICO;COLOMBIA
107798;ESPECTADOR;BOGOTA;BOGOTA;CUNDINAMARCA;COLOMBIA
107920;EL GUANABANO;VDA LA LAGUNA (CGTO CAMPOALEGR;LORICA;CORDOBA;COLOMBIA
107923;URB VILLA DANIA;BONDA;SANTA MARTA;MAGDALENA;COLOMBIA
108154;SANTA CATALINA;CGTO MACAJAN;TOLUVIEJO;SUCRE;COLOMBIA
108185;URB.VILLA SOL;CARTAGENA;CARTAGENA;BOLIVAR;COLOMBIA
108480;VEREDA LA PRIMAVERA;VEREDA LA PRIMAVERA;PUEBLO NUEVO;CORDOBA;COLOMBIA
108484;NUEVO ORIENTE;MINCA;SANTA MARTA;MAGDALENA;COLOMBIA
108754;EL RETEN;CGTO PUERTO GIRALDO;PONEDERA;ATLANTICO;COLOMBIA
108843;EL PORVENIR;SIMITI;SIMITI;BOLIVAR;COLOMBIA
109072;DIVINO NI벮;CGTO PUERTO GIRALDO;PONEDERA;ATLANTICO;COLOMBIA
110411;URB CERROMAR RURAL;EL MORRO;TUBARA;ATLANTICO;COLOMBIA
110421;CONIDEC;BARRANQUILLA;BARRANQUILLA;ATLANTICO;COLOMBIA
110423;JORGE ELIECER GAITAN;CGTO EL VAIVEN;JUAN DE ACOSTA;ATLANTICO;COLOMBIA
110435;CENTRO;CGTO SALGAR;PUERTO COLOMBIA;ATLANTICO;COLOMBIA
110436;EL CAMPO;CGTO SALGAR;PUERTO COLOMBIA;ATLANTICO;COLOMBIA
110484;LOS ALMENDROS;GALAPA;GALAPA;ATLANTICO;COLOMBIA
110485;MANGA DE PITAL;GALAPA;GALAPA;ATLANTICO;COLOMBIA
110488;COUNTRY VILLA;EDUARDO SANTOS (LA PLAYA);BARRANQUILLA;ATLANTICO;COLOMBIA
110490;EL PRADITO;EDUARDO SANTOS (LA PLAYA);BARRANQUILLA;ATLANTICO;COLOMBIA
110509;ABAJO;PONEDERA;PONEDERA;ATLANTICO;COLOMBIA
110510;EL CENTRO;PONEDERA;PONEDERA;ATLANTICO;COLOMBIA
110511;BELLO MAR;PUERTO COLOMBIA;PUERTO COLOMBIA;ATLANTICO;COLOMBIA
110512;EL CARMEN;PUERTO COLOMBIA;PUERTO COLOMBIA;ATLANTICO;COLOMBIA
110760;PARAISO;REPELON;REPELON;ATLANTICO;COLOMBIA
110763;SANTA RITA;REPELON;REPELON;ATLANTICO;COLOMBIA
110768;SIETE DE AGOSTO;SOLEDAD;SOLEDAD;ATLANTICO;COLOMBIA
110769;CASAMELL;SOLEDAD;SOLEDAD;ATLANTICO;COLOMBIA
110770;EL CARNERO;SOLEDAD;SOLEDAD;ATLANTICO;COLOMBIA
110771;EL LIBERTADOR;SOLEDAD;SOLEDAD;ATLANTICO;COLOMBIA
110772;LAS COLINAS;SOLEDAD;SOLEDAD;ATLANTICO;COLOMBIA
110773;LAS MORAS 4 ETAPA;SOLEDAD;SOLEDAD;ATLANTICO;COLOMBIA
110774;LIBERTADOR AEROPUERTO VIEJO;SOLEDAD;SOLEDAD;ATLANTICO;COLOMBIA
110775;MONTE CARMELO;SOLEDAD;SOLEDAD;ATLANTICO;COLOMBIA
110777;NORMANDIA (NO USAR);SOLEDAD;SOLEDAD;ATLANTICO;COLOMBIA
110778;NUEVO HORIZONTE 2 ETAPA;SOLEDAD;SOLEDAD;ATLANTICO;COLOMBIA
110779;PUERTA DE ORO;SOLEDAD;SOLEDAD;ATLANTICO;COLOMBIA
110783;SOLEDAD;SOLEDAD;SOLEDAD;ATLANTICO;COLOMBIA
110786;VILLA ARAGON;SOLEDAD;SOLEDAD;ATLANTICO;COLOMBIA
110788;VILLA ESTADIO 2 ETAPA;SOLEDAD;SOLEDAD;ATLANTICO;COLOMBIA
111152;PARAISO;BARANOA;BARANOA;ATLANTICO;COLOMBIA
111153;GERLEIN;GALAPA;GALAPA;ATLANTICO;COLOMBIA
8423;BOULEVAR DEL RIO;SANTA MARTA;SANTA MARTA;MAGDALENA;COLOMBIA
11940;SABANILLA;CGTO SABANILLA (MONTE CARMELO);PUERTO COLOMBIA;ATLANTICO;COLOMBIA
12330;COLOMBIA RURAL;CGTO COLOMBIA;SABANALARGA;ATLANTICO;COLOMBIA
9900;VILLA DEL ROSARIO;BARRANQUILLA;BARRANQUILLA;ATLANTICO;COLOMBIA
10090;COLOMBIA;BARRANQUILLA;BARRANQUILLA;ATLANTICO;COLOMBIA
10260;SIAPE;BARRANQUILLA;BARRANQUILLA;ATLANTICO;COLOMBIA
10460;EL TABOR;BARRANQUILLA;BARRANQUILLA;ATLANTICO;COLOMBIA
12500;AVENIDA RIBON;SABANALARGA;SABANALARGA;ATLANTICO;COLOMBIA
12750;VILLA CLARENTINA;SANTO TOMAS;SANTO TOMAS;ATLANTICO;COLOMBIA
13550;NUEVO HIPODROMO;SOLEDAD;SOLEDAD;ATLANTICO;COLOMBIA
30644;PUERTO VELERO;PUERTO VELERO;TUBARA;ATLANTICO;COLOMBIA
19080;EL SILENCIO;PLATO;PLATO;MAGDALENA;COLOMBIA
10540;JUAN MINA;CGTO JUAN MINA;BARRANQUILLA;ATLANTICO;COLOMBIA
8470;QUEBRADA TAMACA;SANTA MARTA;SANTA MARTA;MAGDALENA;COLOMBIA
13490;URB. PARQUE MUVDI;SOLEDAD;SOLEDAD;ATLANTICO;COLOMBIA
-12;SITIO NUEVO;SITIO NUEVO;MO벨TOS;CORDOBA;COLOMBIA
5;V?A A CERROMATOSO;MONTELIBANO;MONTELIBANO;CORDOBA;COLOMBIA
107167;BOLIVAR;PLANETA RICA;PLANETA RICA;CORDOBA;COLOMBIA
4610;PIE DEL CERRO;CARTAGENA;CARTAGENA;BOLIVAR;COLOMBIA
12270;LA MARIA;SABANAGRANDE;SABANAGRANDE;ATLANTICO;COLOMBIA
11490;EL TESORO;MALAMBO;MALAMBO;ATLANTICO;COLOMBIA
9940;LA LIBERTAD;BARRANQUILLA;BARRANQUILLA;ATLANTICO;COLOMBIA
10040;ABAJO;BARRANQUILLA;BARRANQUILLA;ATLANTICO;COLOMBIA
10170;AMERICA;BARRANQUILLA;BARRANQUILLA;ATLANTICO;COLOMBIA
10280;LAS FLORES;BARRANQUILLA;BARRANQUILLA;ATLANTICO;COLOMBIA
10430;EL POBLADO;BARRANQUILLA;BARRANQUILLA;ATLANTICO;COLOMBIA
12730;PRIMERO DE MAYO;SANTO TOMAS;SANTO TOMAS;ATLANTICO;COLOMBIA
12860;LAS CAYENAS;SANTO TOMAS;SANTO TOMAS;ATLANTICO;COLOMBIA
13650;LOMA;SOLEDAD;SOLEDAD;ATLANTICO;COLOMBIA
13780;LOS MANGOS;SOLEDAD;SOLEDAD;ATLANTICO;COLOMBIA
14170;LA DOCE;USIACURI;USIACURI;ATLANTICO;COLOMBIA
29315;EL CERRITO RURAL;VDA EL CERRITO;PIOJO;ATLANTICO;COLOMBIA
29359;URB EL BOSQUE;SANTA ROSA DEL SUR;SANTA ROSA DEL SUR;BOLIVAR;COLOMBIA
30500;DON BOSCO;SOLEDAD;SOLEDAD;ATLANTICO;COLOMBIA
30580;LA BODEGA;SAN JUAN NEPOMUCENO;SAN JUAN NEPOMUCENO;BOLIVAR;COLOMBIA
30611;URB. PRADO;SOLEDAD;SOLEDAD;ATLANTICO;COLOMBIA
8390;BRISAS DEL MAR;CIENAGA;CIENAGA;MAGDALENA;COLOMBIA
21060;CALLE EL MAMON;TURBANA;TURBANA;BOLIVAR;COLOMBIA
13060;VILLA ESTADIO 1 ETAPA;SOLEDAD;SOLEDAD;ATLANTICO;COLOMBIA
340;LUZ DEL MUNDO;SANTA MARTA;SANTA MARTA;MAGDALENA;COLOMBIA
9350;UNIVERSAL;BARRANQUILLA;BARRANQUILLA;ATLANTICO;COLOMBIA
81400;MACHIQUES;AGUSTIN CODAZZI;AGUSTIN CODAZZI;CESAR;COLOMBIA
107171;LOS LAURELES;PLANETA RICA;PLANETA RICA;CORDOBA;COLOMBIA
11820;PITAL DEL CARLIN RURAL;PITAL DE CARLIN;POLONUEVO;ATLANTICO;COLOMBIA
10720;SAN CAYETANO;BARANOA;BARANOA;ATLANTICO;COLOMBIA
111701;PUNTA DE PIEDRA;TOLUVIEJO;TOLUVIEJO;SUCRE;COLOMBIA
111703;BUGRE;VDA BUGRE (VACIO);CERETE;CORDOBA;COLOMBIA
111704;EL SILENCIO;PUERTO COLOMBIA;PUERTO COLOMBIA;ATLANTICO;COLOMBIA
111705;EL MUELLE;PUERTO COLOMBIA;PUERTO COLOMBIA;ATLANTICO;COLOMBIA
111706;COSTA AZUL;PUERTO COLOMBIA;PUERTO COLOMBIA;ATLANTICO;COLOMBIA
111707;NORTE ZONA 1;PUERTO COLOMBIA;PUERTO COLOMBIA;ATLANTICO;COLOMBIA
111708;NORTE ZONA 2;PUERTO COLOMBIA;PUERTO COLOMBIA;ATLANTICO;COLOMBIA
111709;CENTRO 1;PUERTO COLOMBIA;PUERTO COLOMBIA;ATLANTICO;COLOMBIA
111710;CENTRO 2;PUERTO COLOMBIA;PUERTO COLOMBIA;ATLANTICO;COLOMBIA
111737;CUATRO VIENTOS;CAS TREMENTINO;MOMIL;CORDOBA;COLOMBIA
111742;URB. CIUDAD SALITRE;SOLEDAD;SOLEDAD;ATLANTICO;COLOMBIA
111791;SAN ISIDRO;SAN ISIDRO;SANTA ROSA DEL SUR;BOLIVAR;COLOMBIA
111793;URB MARATEA-SECTOR VILLANORTE;EDUARDO SANTOS (LA PLAYA);BARRANQUILLA;ATLANTICO;COLOMBIA
111829;VDA LA PUENTE;CGTO LAS PALOMAS;MONTERIA;CORDOBA;COLOMBIA
111851;URB LOS LAURELES;FUNDACION;FUNDACION;MAGDALENA;COLOMBIA
111882;VDA TODOS PENSAMOS (CGTO TRES PIEDRAS);VDA TODOS PENSAMOS (MONTER?A);TIERRALTA;CORDOBA;COLOMBIA
112918;COSTA LARGA RURAL;COSTA LARGA;PURISIMA;CORDOBA;COLOMBIA
113661;QUEBRACHAL;QUEBRACHAL;FONSECA;LA GUAJIRA;COLOMBIA
113881;VIA AL AEROPUERTO;MONTELIBANO RURAL;MONTELIBANO;CORDOBA;COLOMBIA
113919;SBN VILLA JIMENEZ;MONTERIA;MONTERIA;CORDOBA;COLOMBIA
113992;LA OLLITA;CUESTECITAS;ALBANIA;LA GUAJIRA;COLOMBIA
114046;CASERIO EL TRONCAL;CGTO LA COROZA;PUEBLO NUEVO;CORDOBA;COLOMBIA
114129;LA INVERNA RURAL;VDA  LA INVERNA;CHIMICHAGUA;CESAR;COLOMBIA
114133;VILLA PRADA;VALENCIA;VALENCIA;CORDOBA;COLOMBIA
114141;VDA MARIMBA;CGTO CENTRO ALEGRE;PLANETA RICA;CORDOBA;COLOMBIA
114215;GRANDE;SANTO TOMAS;SANTO TOMAS;ATLANTICO;COLOMBIA
114223;PALO ALTO;EDUARDO SANTOS (LA PLAYA);BARRANQUILLA;ATLANTICO;COLOMBIA
114224;EL POBLADO;CIENAGA;CIENAGA;MAGDALENA;COLOMBIA
114225;OLAYA;EDUARDO SANTOS (LA PLAYA);BARRANQUILLA;ATLANTICO;COLOMBIA
114228;CENTRO;CGTO PUEBLO NUEVO;ARIGUANI;MAGDALENA;COLOMBIA
114232;LOS NOGALES;CGTO PUEBLO NUEVO;ARIGUANI;MAGDALENA;COLOMBIA
114241;EL AHUMAO;EL AHUMAO;RIOHACHA;LA GUAJIRA;COLOMBIA
114253;VILLA CONCORD CUATRO;MALAMBO;MALAMBO;ATLANTICO;COLOMBIA
114254;CASITAS NUEVAS;SAN MARCOS;SAN MARCOS;SUCRE;COLOMBIA
114270;PUEBLITO LIBERAL RURAL;PUEBLITO LIBERAL;CERRO DE SAN ANTONIO;MAGDALENA;COLOMBIA
114271;URB GEORGE DANGOND;VALLEDUPAR;VALLEDUPAR;CESAR;COLOMBIA
114272;MONTE CARMELO 2 ETAPA;SOLEDAD;SOLEDAD;ATLANTICO;COLOMBIA
114309;PALMA DE VINO;CGTO LA FORTUNA;PLANETA RICA;CORDOBA;COLOMBIA
114310;GUAQUIRI RURAL;GUAQUIRI;PEDRAZA;MAGDALENA;COLOMBIA
114311;URB. EL MANANTIAL 3 ETAPA;SOLEDAD;SOLEDAD;ATLANTICO;COLOMBIA
114314;GORETTI;EL CARMEN DE BOLIVAR;EL CARMEN DE BOLIVAR;BOLIVAR;COLOMBIA
114315;EL TIGRE;EL CARMEN DE BOLIVAR;EL CARMEN DE BOLIVAR;BOLIVAR;COLOMBIA
114319;VDA PINTO;CGTO CENTRO ALEGRE;PLANETA RICA;CORDOBA;COLOMBIA
114320;CASERIO LOS CHIVOS;LA ESTACION;PLANETA RICA;CORDOBA;COLOMBIA
114336;PRIMERO DE OCTUBRE;MANAURE;MANAURE-GUAJIRA;LA GUAJIRA;COLOMBIA
114343;ALTOS DE SALINAS;MANAURE;MANAURE-GUAJIRA;LA GUAJIRA;COLOMBIA
114344;NUEVAS FLORES;VDA NUEVAS FLORES;SAN DIEGO;CESAR;COLOMBIA
114355;EL CENTRO;CGTO GARZONES;MONTERIA;CORDOBA;COLOMBIA
114356;FATIMA;CGTO GARZONES;MONTERIA;CORDOBA;COLOMBIA
114366;MORROCOYO;VDA MORROCOYO;PELAYA;CESAR;COLOMBIA
114371;2 DE MARZO;CGTO GARZONES;MONTERIA;CORDOBA;COLOMBIA
114374;LOS ROBLES 9 ETAPA;SOLEDAD;SOLEDAD;ATLANTICO;COLOMBIA
114390;VDA PRIMAVERA;CGTO BETANIA;PUEBLO NUEVO;CORDOBA;COLOMBIA
114391;VDA AGUA DEL OSO;CGTO BETANIA;PUEBLO NUEVO;CORDOBA;COLOMBIA
114393;LAS MORAS 3 ETAPA;SOLEDAD;SOLEDAD;ATLANTICO;COLOMBIA
114394;ALFONSO PAZ;LA APARTADA;LA APARTADA;CORDOBA;COLOMBIA
114395;LOS CUSULES 2 ETAPA;SOLEDAD;SOLEDAD;ATLANTICO;COLOMBIA
114408;IYOSPA;IYOSPA;MANAURE-GUAJIRA;LA GUAJIRA;COLOMBIA
114410;PUEBLO NUEVO;CGTO PUEBLO NUEVO;MAJAGUAL;SUCRE;COLOMBIA
114411;VICTORIA VIEJA (C.HERMOSA);SOLEDAD;SOLEDAD;ATLANTICO;COLOMBIA
114412;SOLUCIONES MINIMAS (V.HERMOSA);SOLEDAD;SOLEDAD;ATLANTICO;COLOMBIA
114433;VDA CALDERON;CGTO EL OBLIGADO;SAN PELAYO;CORDOBA;COLOMBIA
114434;VDA EL TAPON;CGTO PELAYITO;SAN PELAYO;CORDOBA;COLOMBIA
114436;LOS ALMENDROS 3 ETAPA;SOLEDAD;SOLEDAD;ATLANTICO;COLOMBIA
32180;CAS LAS MOHOSAS;CGTO SEVER?;CERETE;CORDOBA;COLOMBIA
114611;EL CARMEN;LA PE베 (GUAJARO);SABANALARGA;ATLANTICO;COLOMBIA
115089;MARCELO;ALTOS DEL ROSARIO;ALTOS DEL ROSARIO;BOLIVAR;COLOMBIA
115090;CAS PATIO BONITO;CGTO CATALINA;SAHAGUN;CORDOBA;COLOMBIA
115300;LA MONTA베;SEVILLA;ZONA BANANERA;MAGDALENA;COLOMBIA
115414;VDA LAS CLARITAS;CGTO RIO VERDE(SANTA FE DEL CL;PUERTO LIBERTADOR;CORDOBA;COLOMBIA
8521;PALESTINA SECTOR LA PRIMAVERA;CARTAGENA;CARTAGENA;BOLIVAR;COLOMBIA
11740;LA FELICIDAD;PIOJO;PIOJO;ATLANTICO;COLOMBIA
24830;NUEVA ESPERANZA;ARROYOHONDO;ARROYOHONDO;BOLIVAR;COLOMBIA
110419;EL CAMPESINO;CGTO SIBARCO;BARANOA;ATLANTICO;COLOMBIA
110431;LOS ALMENDROS;SAN JUAN DE TOCAGUAS;LURUACO;ATLANTICO;COLOMBIA
110754;COCHORO;REPELON;REPELON;ATLANTICO;COLOMBIA
110756;LA CLARIDAD;REPELON;REPELON;ATLANTICO;COLOMBIA
110761;SAN BENITO;REPELON;REPELON;ATLANTICO;COLOMBIA
111757;SAN BASILIO;SABANAS;EL PI벮N;MAGDALENA;COLOMBIA
113884;CALLE CENTRAL;CGTO SAN RAFAEL;OVEJAS;SUCRE;COLOMBIA
113885;LA CEIBA;CGTO SAN RAFAEL;OVEJAS;SUCRE;COLOMBIA
115166;VDA ESTACION;EL PASO;EL PASO;CESAR;COLOMBIA
8481;TORIBIO;SANTA MARTA;SANTA MARTA;MAGDALENA;COLOMBIA
15350;COLOMBIA;ARACATACA;ARACATACA;MAGDALENA;COLOMBIA
27650;VIA A NUMANCIA;VEREDA SAN JOSE;MAGANGUE;MAGANGUE;COLOMBIA
29317;CASERIO BURRUSCO;MARTILLO;PONEDERA;ATLANTICO;COLOMBIA
29378;SAN ROQUE SUR;BARRANQUILLA;BARRANQUILLA;ATLANTICO;COLOMBIA
29448;LAS TABLAS;LAS TABLAS;LURUACO;ATLANTICO;COLOMBIA
30598;EL CIELO;EL CIELO;TUBARA;ATLANTICO;COLOMBIA
29449;CIENAGUITA;LAS TABLAS;LURUACO;ATLANTICO;COLOMBIA
30686;MARATEA 1;EDO SANTOS (LA PLAYA);BARRANQUILLA;ATLANTICO;COLOMBIA
39930;PAJONAL;VDA PAJONAL (CGTO BUENOS AIRES;SAN PELAYO;CORDOBA;COLOMBIA
104190;LOS MORENOS;LOS MORENOS;RIOHACHA;LA GUAJIRA;COLOMBIA
105400;TOROKY;TOROKY;RIOHACHA;LA GUAJIRA;COLOMBIA
107025;VILLA DEL RIO II;ARACATACA;ARACATACA;MAGDALENA;COLOMBIA
107506;VDA JARAGUAY EL BUHO;CGTO JARAGUAY CENTRAL;VALENCIA;CORDOBA;COLOMBIA
107527;URB. ALTOS DE ZIRUMA 4;VALLEDUPAR;VALLEDUPAR;CESAR;COLOMBIA
110415;LA PAZ;PITAL DE MEGUA;BARANOA;ATLANTICO;COLOMBIA
110422;EL FOGON;BOHORQUEZ;CAMPO DE LA CRUZ;ATLANTICO;COLOMBIA
110433;EL ENCANTO;PITAL DE CARLIN;POLONUEVO;ATLANTICO;COLOMBIA
110441;VILLA CAMPESTRE;CGTO SALGAR;PUERTO COLOMBIA;ATLANTICO;COLOMBIA
110729;MUNDO NUEVO;MANATI;MANATI;ATLANTICO;COLOMBIA
110734;BARRIO ABAJO;PALMAR DE VARELA;PALMAR DE VARELA;ATLANTICO;COLOMBIA
111083;MONTE NEGRO;MAICAO;MAICAO;LA GUAJIRA;COLOMBIA
14947;JESUS DEL MONTE 1;CERRO SAN ANTONIO;CERRO DE SAN ANTONIO;MAGDALENA;COLOMBIA
112788;VDA LA POZONA ICA;CGTO VENADO CAMPANITO.;CERETE;CORDOBA;COLOMBIA
112931;VDA MARIMBA;CGTO LOMA VERDE;MONTERIA;CORDOBA;COLOMBIA
114028;JUANCHO LOPEZ;CGTO LOS VIDALES;SAN ANDRES SOTAVENTO;CORDOBA;COLOMBIA
114029;CERRO PAJA;CGTO LOS VIDALES;SAN ANDRES SOTAVENTO;CORDOBA;COLOMBIA
114040;CIELO AZUL;VERD. CIELO AZUL;LOS PALMITOS;SUCRE;COLOMBIA
114041;PUEBLO NUEVO;CGTO CANUTAL;OVEJAS;SUCRE;COLOMBIA
8411;URB.COSTA NORTE;CARTAGENA;CARTAGENA;BOLIVAR;COLOMBIA
8421;20 DE ABRIL;SANTA MARTA;SANTA MARTA;MAGDALENA;COLOMBIA
8478;STM;SANTA MARTA;SANTA MARTA;MAGDALENA;COLOMBIA
110372;SAL SI PUEDES;CARTAGENA;CARTAGENA;BOLIVAR;COLOMBIA
110532;EL CAMPESINO;SANTA LUCIA;SANTA LUCIA;ATLANTICO;COLOMBIA
110703;LOS ROBLES;CANDELARIA;CANDELARIA;ATLANTICO;COLOMBIA
114106;BARRIO PRIMAVERA II;PALMAR DE VARELA;PALMAR DE VARELA;ATLANTICO;COLOMBIA
114105;BARRIO URB PRIMAVERA I;PALMAR DE VARELA;PALMAR DE VARELA;ATLANTICO;COLOMBIA
112474;VENADO CAMPANITO;CGTO VENADO CAMPANITO;CERETE;CORDOBA;COLOMBIA
112472;VDA LAS BABILLAS;CGTO VENADO CAMPANITO;CERETE;CORDOBA;COLOMBIA
115444;LOS ALTOS;LOS ALTOS;FONSECA;LA GUAJIRA;COLOMBIA
115510;MACAYEPO;MACAYEPO;EL CARMEN DE BOLIVAR;BOLIVAR;COLOMBIA
115528;VILLA OLIMPICA;CANALETE;CANALETE;CORDOBA;COLOMBIA
115538;VDA EL QUINDIO;CGTO NUEVA LUCIA;MONTERIA;CORDOBA;COLOMBIA
115610;ALAMOS DEL NORTE;CGTO LA LOMA;EL PASO;CESAR;COLOMBIA
115646;TOBERIN;BOGOTA;BOGOTA;CUNDINAMARCA;COLOMBIA
115652;SANTA BIBIANA;BOGOTA;BOGOTA;CUNDINAMARCA;COLOMBIA
115655;EL POBLADO;MEDELLIN;MEDELLIN;ANTIOQUIA;COLOMBIA
115656;BOSTON;MEDELLIN;MEDELLIN;ANTIOQUIA;COLOMBIA
115782;VILLA NURIS;AGUSTIN CODAZZI;AGUSTIN CODAZZI;CESAR;COLOMBIA
115790;VDA LOS NARANJOS;CGTO CARACOLICITO;EL COPEY;CESAR;COLOMBIA
115799;SANTO DOMINGO;CGTO CUATRO VIENTOS;EL PASO;CESAR;COLOMBIA
115817;SAN VICTORINO;BOGOTA;BOGOTA;CUNDINAMARCA;COLOMBIA
115949;MI REFUGIO;MI REFUGIO;SANTIAGO DE TOLU;SUCRE;COLOMBIA
116003;LA LAGUANA;VDA LA LAGUNA;LA PAZ;CESAR;COLOMBIA
116004;VDA SAN ISIDRO;CGTO PLAZA BONITA;PLANETA RICA;CORDOBA;COLOMBIA
116005;BUENA VISTA;VDA BUENA VISTA;BECERRIL;CESAR;COLOMBIA
116006;LA CONQUISTA;VDA LA CONQUISTA;LA JAGUA DE IBIRICO;CESAR;COLOMBIA
116014;GIRASOL;MEDELLIN;MEDELLIN;ANTIOQUIA;COLOMBIA
116051;URB. ARCOS DE CARACOLI;MONTERIA;MONTERIA;CORDOBA;COLOMBIA
116095;SBN 7 DE JULIO;BUENAVISTA;BUENAVISTA;CORDOBA;COLOMBIA
116146;LA ESTACION;VDA LA ESTACION;ASTREA;CESAR;COLOMBIA
116191;LA FLORA;CALI;CALI;VALLE DEL CAUCA;COLOMBIA
116417;VDA BRAZO IZQUIERDO;CGTO VERSALLES;SAN JOSE DE URE;CORDOBA;COLOMBIA
116442;BARRIO CHINO;CGTO RINCON DEL MAR;SAN ONOFRE;SUCRE;COLOMBIA
116467;LAS PALMERAS;EL RETEN;EL RETEN;MAGDALENA;COLOMBIA
116506;CHIA;CHIA;CHIA;CUNDINAMARCA;COLOMBIA
